{
    "parameters": {
        "n_agents": 4,
        "dt": 0.05,
        "device": "cpu",
        "scenario_name": "road_traffic",
        "n_iters": 250,
        "frames_per_batch": 4096,
        "total_frames": 1024000,
        "num_epochs": 60,
        "minibatch_size": 512,
        "lr": 0.0002,
        "lr_min": 1e-05,
        "max_grad_norm": 1.0,
        "clip_epsilon": 0.2,
        "gamma": 0.99,
        "lmbda": 0.9,
        "entropy_eps": 0.0001,
        "max_steps": 128,
        "scenario_type": "CPM_mixed",
        "num_vmas_envs": 32,
        "is_save_intermediate_model": true,
        "is_load_model": false,
        "is_load_final_model": false,
        "episode_reward_mean_current": 5.45,
        "episode_reward_intermediate": 5.45,
        "where_to_save": "checkpoints/itsc24/M4 (do not observe distances to lane boundaries)/",
        "is_continue_train": false,
        "is_partial_observation": true,
        "n_points_short_term": 3,
        "n_nearing_agents_observed": 2,
        "is_observe_distance_to_agents": true,
        "is_testing_mode": false,
        "is_save_simulation_video": false,
        "is_visualize_short_term_path": true,
        "is_visualize_lane_boundary": false,
        "is_ego_view": true,
        "is_apply_mask": false,
        "is_use_mtv_distance": false,
        "is_observe_distance_to_boundaries": false,
        "is_observe_distance_to_center_line": true,
        "is_observe_vertices": true,
        "is_add_noise": true,
        "is_observe_ref_path_other_agents": false,
        "is_save_eval_results": true,
        "is_load_out_td": false,
        "is_real_time_rendering": false,
        "is_visualize_extra_info": true,
        "render_title": "",
        "is_prb": false,
        "is_challenging_initial_state_buffer": false,
        "cpm_scenario_probabilities": [
            1.0,
            0.0,
            0.0
        ],
        "model_name": "reward5.45"
    },
    "episode_reward_mean_list": [
        -0.61,
        -0.58,
        -0.55,
        -0.51,
        -0.48,
        -0.45,
        -0.41,
        -0.37,
        -0.27,
        -0.1,
        -0.01,
        0.19,
        0.53,
        0.79,
        1.22,
        1.47,
        2.25,
        1.5,
        1.8,
        1.77,
        1.81,
        1.9,
        1.88,
        2.17,
        2.61,
        2.65,
        2.55,
        2.23,
        2.57,
        2.17,
        2.98,
        2.84,
        2.74,
        3.42,
        2.68,
        3.03,
        2.61,
        3.4,
        2.89,
        2.49,
        3.25,
        2.64,
        3.13,
        3.21,
        2.75,
        2.98,
        4.08,
        2.93,
        3.11,
        3.58,
        2.74,
        3.74,
        3.52,
        2.76,
        3.91,
        3.8,
        3.48,
        3.78,
        3.57,
        3.42,
        3.91,
        4.49,
        3.64,
        3.16,
        4.2,
        3.84,
        3.61,
        3.68,
        3.53,
        3.83,
        3.16,
        3.76,
        3.67,
        3.45,
        3.42,
        3.07,
        4.41,
        2.8,
        4.0,
        3.53,
        3.9,
        3.75,
        3.22,
        3.66,
        4.07,
        3.48,
        4.33,
        3.5,
        3.05,
        3.86,
        4.15,
        3.79,
        4.18,
        4.03,
        4.02,
        3.65,
        3.4,
        4.64,
        3.83,
        4.08,
        4.48,
        4.05,
        3.68,
        3.9,
        3.78,
        3.78,
        3.84,
        4.03,
        4.12,
        3.69,
        4.18,
        4.25,
        3.64,
        4.1,
        3.66,
        4.82,
        3.9,
        4.12,
        4.26,
        4.5,
        3.79,
        4.02,
        4.66,
        4.36,
        3.64,
        4.52,
        3.4,
        4.44,
        4.0,
        4.0,
        4.49,
        4.28,
        4.27,
        4.56,
        4.41,
        3.71,
        4.68,
        4.16,
        4.02,
        4.39,
        3.47,
        4.63,
        4.76,
        4.14,
        4.4,
        4.5,
        4.4,
        4.37,
        3.83,
        4.0,
        3.85,
        4.35,
        4.39,
        4.27,
        4.31,
        3.81,
        4.05,
        4.26,
        4.01,
        4.28,
        4.67,
        4.57,
        3.92,
        3.93,
        4.5,
        3.35,
        4.38,
        4.32,
        4.26,
        3.15,
        4.65,
        4.75,
        4.32,
        4.0,
        4.18,
        4.22,
        3.86,
        4.49,
        4.55,
        5.07,
        4.28,
        3.57,
        4.46,
        3.79,
        4.84,
        4.14,
        5.27,
        4.54,
        4.59,
        4.04,
        4.61,
        4.26,
        3.25,
        4.12,
        4.51,
        4.52,
        3.99,
        3.53,
        4.54,
        4.21,
        4.27,
        3.74,
        5.02,
        3.66,
        3.8,
        4.27,
        4.19,
        4.15,
        5.05,
        4.65,
        4.63,
        4.83,
        4.28,
        4.08,
        4.41,
        4.41,
        5.45,
        4.35,
        4.95,
        4.85,
        4.93,
        4.18,
        3.79,
        4.58,
        4.46,
        4.61,
        3.88,
        4.52,
        4.05,
        4.19,
        4.64,
        4.31,
        4.68,
        3.96,
        3.92,
        4.17,
        5.16,
        3.78,
        4.72,
        4.2,
        3.98,
        3.97,
        4.24,
        3.87,
        4.76,
        4.62,
        4.84,
        4.61,
        4.3,
        4.19
    ]
}