{
    "parameters": {
        "n_agents": 4,
        "dt": 0.05,
        "device": "cpu",
        "scenario_name": "road_traffic",
        "n_iters": 250,
        "frames_per_batch": 4096,
        "total_frames": 1024000,
        "num_epochs": 60,
        "minibatch_size": 512,
        "lr": 0.0002,
        "lr_min": 1e-05,
        "max_grad_norm": 1.0,
        "clip_epsilon": 0.2,
        "gamma": 0.99,
        "lmbda": 0.9,
        "entropy_eps": 0.0001,
        "max_steps": 128,
        "scenario_type": "CPM_mixed",
        "num_vmas_envs": 32,
        "is_save_intermediate_model": true,
        "is_load_model": false,
        "is_load_final_model": false,
        "episode_reward_mean_current": 4.63,
        "episode_reward_intermediate": 4.63,
        "where_to_save": "checkpoints/icra25/M3 (Baseline with perfect opponent modeling)/",
        "is_continue_train": false,
        "n_points_short_term": 3,
        "is_partial_observation": true,
        "n_steps_stored": 10,
        "n_nearing_agents_observed": 2,
        "is_observe_distance_to_agents": true,
        "is_testing_mode": false,
        "is_save_simulation_video": false,
        "is_visualize_short_term_path": true,
        "is_visualize_lane_boundary": false,
        "is_ego_view": true,
        "is_apply_mask": false,
        "is_use_mtv_distance": false,
        "is_observe_distance_to_boundaries": true,
        "is_observe_distance_to_center_line": true,
        "is_observe_vertices": true,
        "is_add_noise": false,
        "is_observe_ref_path_other_agents": false,
        "is_save_eval_results": true,
        "is_load_out_td": false,
        "is_real_time_rendering": false,
        "is_visualize_extra_info": true,
        "render_title": "",
        "is_prb": false,
        "is_challenging_initial_state_buffer": false,
        "cpm_scenario_probabilities": [
            1.0,
            0.0,
            0.0
        ],
        "is_using_opponent_modeling": true,
        "is_using_prioritized_marl": false,
        "prioritization_method": "marl",
        "model_name": "reward4.63"
    },
    "episode_reward_mean_list": [
        -0.67,
        -0.62,
        -0.58,
        -0.55,
        -0.58,
        -0.65,
        -0.51,
        -0.58,
        -0.38,
        -0.15,
        0.03,
        0.24,
        0.44,
        0.51,
        1.15,
        1.3,
        2.01,
        1.6,
        1.68,
        1.92,
        2.23,
        2.46,
        1.9,
        2.63,
        1.87,
        2.79,
        2.22,
        2.34,
        2.29,
        1.96,
        2.94,
        2.76,
        2.37,
        2.13,
        2.92,
        2.6,
        2.51,
        3.02,
        2.49,
        2.85,
        2.39,
        2.39,
        2.16,
        2.46,
        2.72,
        2.99,
        3.25,
        2.72,
        2.57,
        2.97,
        2.84,
        3.15,
        2.5,
        2.95,
        2.76,
        3.07,
        3.09,
        3.75,
        2.94,
        2.48,
        3.27,
        3.6,
        2.84,
        3.05,
        2.27,
        2.79,
        3.39,
        2.27,
        2.93,
        2.61,
        3.25,
        3.3,
        3.09,
        3.47,
        3.87,
        2.64,
        3.78,
        2.94,
        2.71,
        2.59,
        2.91,
        3.21,
        2.43,
        3.33,
        3.38,
        3.33,
        2.38,
        2.93,
        3.08,
        3.16,
        3.33,
        3.08,
        3.75,
        2.89,
        3.24,
        3.05,
        3.9,
        2.95,
        2.86,
        3.31,
        2.95,
        3.26,
        3.14,
        2.92,
        4.1,
        3.31,
        2.72,
        3.04,
        3.54,
        3.11,
        3.09,
        3.42,
        3.14,
        2.56,
        3.13,
        3.39,
        2.95,
        3.13,
        3.15,
        3.14,
        3.42,
        2.66,
        2.99,
        3.43,
        3.14,
        3.19,
        3.22,
        2.56,
        3.16,
        3.67,
        3.18,
        3.24,
        2.96,
        3.58,
        4.02,
        3.84,
        3.32,
        2.61,
        3.03,
        2.86,
        3.13,
        3.18,
        2.9,
        4.02,
        3.33,
        3.03,
        3.26,
        3.35,
        3.21,
        3.01,
        3.03,
        4.63,
        3.99,
        2.96,
        3.58,
        3.36,
        3.19,
        3.37,
        3.21,
        3.05,
        3.33,
        3.29,
        3.49,
        4.54,
        4.19,
        3.37,
        3.87,
        3.13,
        3.01,
        3.61,
        3.77,
        2.98,
        3.32,
        3.31,
        3.49,
        3.43,
        3.48,
        3.56,
        3.36,
        3.86,
        3.3,
        3.72,
        3.36,
        3.02,
        3.99,
        3.23,
        3.42,
        3.61,
        3.82,
        3.27,
        3.41,
        3.51,
        3.43,
        3.55,
        3.83,
        3.43,
        3.48,
        3.97,
        2.8,
        3.61,
        3.1,
        3.75,
        3.17,
        3.25,
        3.97,
        3.16,
        3.74,
        3.67,
        2.97,
        4.17,
        3.83,
        3.73,
        3.93,
        3.27,
        3.46,
        3.26,
        3.65,
        3.82,
        3.0,
        2.77,
        3.46,
        3.92,
        3.21,
        2.77,
        3.56,
        3.63,
        3.19,
        3.22,
        3.53,
        2.95,
        3.05,
        3.0,
        4.09,
        2.96,
        3.04,
        3.41,
        2.85,
        3.27,
        2.95,
        3.45,
        3.26,
        2.92,
        3.23,
        2.96,
        2.83,
        3.79,
        3.23,
        2.91,
        3.13,
        3.21
    ]
}