{
    "parameters": {
        "n_agents": 4,
        "dt": 0.05,
        "device": "cpu",
        "scenario_name": "road_traffic",
        "n_iters": 250,
        "frames_per_batch": 4096,
        "total_frames": 1024000,
        "num_epochs": 60,
        "minibatch_size": 512,
        "lr": 0.0002,
        "lr_min": 1e-05,
        "max_grad_norm": 1.0,
        "clip_epsilon": 0.2,
        "gamma": 0.99,
        "lmbda": 0.9,
        "entropy_eps": 0.0001,
        "max_steps": 128,
        "scenario_type": "CPM_mixed",
        "num_vmas_envs": 32,
        "is_save_intermediate_model": true,
        "is_load_model": false,
        "is_load_final_model": false,
        "episode_reward_mean_current": 0.05,
        "episode_reward_intermediate": 0.05,
        "where_to_save": "checkpoints/itsc24/M1 (do not use an ego view)/",
        "is_continue_train": false,
        "is_partial_observation": true,
        "n_points_short_term": 3,
        "n_nearing_agents_observed": 2,
        "is_observe_distance_to_agents": true,
        "is_testing_mode": false,
        "is_save_simulation_video": false,
        "is_visualize_short_term_path": true,
        "is_visualize_lane_boundary": false,
        "is_ego_view": false,
        "is_apply_mask": false,
        "is_use_mtv_distance": false,
        "is_observe_distance_to_boundaries": true,
        "is_observe_distance_to_center_line": true,
        "is_observe_vertices": true,
        "is_add_noise": true,
        "is_observe_ref_path_other_agents": false,
        "is_save_eval_results": true,
        "is_load_out_td": false,
        "is_real_time_rendering": false,
        "is_visualize_extra_info": true,
        "render_title": "",
        "is_prb": false,
        "is_challenging_initial_state_buffer": false,
        "cpm_scenario_probabilities": [
            1.0,
            0.0,
            0.0
        ],
        "model_name": "reward0.05"
    },
    "episode_reward_mean_list": [
        -0.69,
        -0.63,
        -0.53,
        -0.48,
        -0.49,
        -0.49,
        -0.51,
        -0.56,
        -0.49,
        -0.42,
        -0.48,
        -0.5,
        -0.46,
        -0.41,
        -0.46,
        -0.39,
        -0.34,
        -0.33,
        -0.35,
        -0.28,
        -0.31,
        -0.24,
        -0.27,
        -0.22,
        -0.24,
        -0.26,
        -0.23,
        -0.18,
        -0.13,
        -0.22,
        -0.16,
        -0.17,
        -0.16,
        -0.17,
        -0.23,
        -0.16,
        -0.13,
        -0.13,
        -0.14,
        -0.08,
        -0.16,
        -0.14,
        -0.13,
        -0.07,
        -0.17,
        -0.15,
        -0.08,
        -0.09,
        -0.05,
        -0.08,
        -0.03,
        -0.11,
        -0.05,
        -0.03,
        -0.03,
        -0.03,
        -0.01,
        -0.08,
        -0.07,
        -0.09,
        -0.05,
        0.01,
        -0.07,
        -0.04,
        0.01,
        -0.04,
        -0.01,
        -0.02,
        -0.02,
        -0.0,
        -0.05,
        -0.04,
        0.01,
        0.03,
        -0.01,
        0.05,
        -0.01,
        -0.01,
        0.01,
        0.04,
        0.04,
        0.03,
        -0.01,
        -0.01,
        -0.01,
        0.0,
        0.0,
        0.02,
        0.02,
        -0.05,
        -0.01,
        -0.01,
        -0.01,
        -0.02,
        0.01,
        -0.0,
        0.0,
        -0.02,
        -0.04,
        -0.0,
        -0.0,
        0.0,
        -0.01,
        -0.02,
        -0.03,
        0.01,
        -0.0,
        -0.03,
        -0.04,
        -0.05,
        -0.02,
        -0.03,
        -0.05,
        -0.05,
        -0.04,
        -0.06,
        -0.06,
        -0.04,
        -0.06,
        -0.06,
        -0.06,
        -0.06,
        -0.08,
        -0.08,
        -0.09,
        -0.11,
        -0.1,
        -0.13,
        -0.1,
        -0.11,
        -0.14,
        -0.12,
        -0.16,
        -0.15,
        -0.14,
        -0.16,
        -0.15,
        -0.15,
        -0.18,
        -0.19,
        -0.18,
        -0.18,
        -0.19,
        -0.2,
        -0.22,
        -0.24,
        -0.23,
        -0.24,
        -0.25,
        -0.25,
        -0.26,
        -0.26,
        -0.26,
        -0.27,
        -0.28,
        -0.28,
        -0.28,
        -0.29,
        -0.29,
        -0.29,
        -0.31,
        -0.31,
        -0.31,
        -0.3,
        -0.31,
        -0.31,
        -0.31,
        -0.32,
        -0.31,
        -0.31,
        -0.32,
        -0.33,
        -0.32,
        -0.32,
        -0.31,
        -0.33,
        -0.34,
        -0.33,
        -0.33,
        -0.34,
        -0.34,
        -0.34,
        -0.34,
        -0.35,
        -0.36,
        -0.35,
        -0.35,
        -0.35,
        -0.34,
        -0.34,
        -0.35,
        -0.36,
        -0.36,
        -0.36,
        -0.36,
        -0.35,
        -0.37,
        -0.37,
        -0.36,
        -0.37,
        -0.36,
        -0.37,
        -0.36,
        -0.36,
        -0.36,
        -0.37,
        -0.36,
        -0.38,
        -0.36,
        -0.38,
        -0.37,
        -0.38,
        -0.37,
        -0.38,
        -0.37,
        -0.39,
        -0.37,
        -0.38,
        -0.38,
        -0.38,
        -0.38,
        -0.38,
        -0.38,
        -0.38,
        -0.38,
        -0.38,
        -0.39,
        -0.38,
        -0.38,
        -0.38,
        -0.39,
        -0.39,
        -0.39,
        -0.39,
        -0.39,
        -0.38,
        -0.38,
        -0.38,
        -0.4,
        -0.39,
        -0.39,
        -0.39,
        -0.39,
        -0.38,
        -0.39,
        -0.39,
        -0.39,
        -0.4,
        -0.39,
        -0.39
    ]
}