{
    "parameters": {
        "n_agents": 4,
        "dt": 0.05,
        "device": "cpu",
        "scenario_name": "road_traffic",
        "n_iters": 250,
        "frames_per_batch": 4096,
        "total_frames": 1024000,
        "num_epochs": 60,
        "minibatch_size": 512,
        "lr": 0.0002,
        "lr_min": 1e-05,
        "max_grad_norm": 1.0,
        "clip_epsilon": 0.2,
        "gamma": 0.99,
        "lmbda": 0.9,
        "entropy_eps": 0.0001,
        "max_steps": 128,
        "scenario_type": "CPM_mixed",
        "num_vmas_envs": 32,
        "is_save_intermediate_model": true,
        "is_load_model": false,
        "is_load_final_model": false,
        "episode_reward_mean_current": 6.03,
        "episode_reward_intermediate": 6.03,
        "where_to_save": "checkpoints/itsc24/M0 (our)/",
        "is_continue_train": false,
        "is_partial_observation": true,
        "n_points_short_term": 3,
        "n_nearing_agents_observed": 2,
        "is_observe_distance_to_agents": true,
        "is_testing_mode": false,
        "is_save_simulation_video": false,
        "is_visualize_short_term_path": true,
        "is_visualize_lane_boundary": false,
        "is_ego_view": true,
        "is_apply_mask": false,
        "is_use_mtv_distance": false,
        "is_observe_distance_to_boundaries": true,
        "is_observe_distance_to_center_line": true,
        "is_observe_vertices": true,
        "is_add_noise": true,
        "is_observe_ref_path_other_agents": false,
        "is_save_eval_results": true,
        "is_load_out_td": false,
        "is_real_time_rendering": false,
        "is_visualize_extra_info": true,
        "render_title": "",
        "is_prb": false,
        "is_challenging_initial_state_buffer": false,
        "cpm_scenario_probabilities": [
            1.0,
            0.0,
            0.0
        ],
        "model_name": "reward6.03"
    },
    "episode_reward_mean_list": [
        -0.63,
        -0.56,
        -0.51,
        -0.48,
        -0.51,
        -0.46,
        -0.37,
        -0.37,
        -0.13,
        0.04,
        0.24,
        0.51,
        0.96,
        1.14,
        1.33,
        1.6,
        1.92,
        2.41,
        2.15,
        2.07,
        2.34,
        1.94,
        2.22,
        1.96,
        2.46,
        2.92,
        2.87,
        2.79,
        2.7,
        3.08,
        2.66,
        3.14,
        3.35,
        3.51,
        3.21,
        3.46,
        3.11,
        3.21,
        3.31,
        3.06,
        3.6,
        3.93,
        2.99,
        3.36,
        3.41,
        4.12,
        3.65,
        4.53,
        3.03,
        3.99,
        3.51,
        4.46,
        3.2,
        3.64,
        3.88,
        4.15,
        4.11,
        3.49,
        3.71,
        3.11,
        4.21,
        4.58,
        4.24,
        4.47,
        4.54,
        4.51,
        4.36,
        4.19,
        4.81,
        4.43,
        3.39,
        4.77,
        4.05,
        4.3,
        4.72,
        4.19,
        4.27,
        4.79,
        5.09,
        4.06,
        4.33,
        4.82,
        4.6,
        4.35,
        4.64,
        4.91,
        4.8,
        4.37,
        4.63,
        4.5,
        4.52,
        4.64,
        4.71,
        4.84,
        4.67,
        4.39,
        5.44,
        5.12,
        4.25,
        4.98,
        4.93,
        4.94,
        5.39,
        5.28,
        4.41,
        5.05,
        5.29,
        5.64,
        5.0,
        5.16,
        4.88,
        4.66,
        5.09,
        4.97,
        5.61,
        4.66,
        4.79,
        5.39,
        4.76,
        4.84,
        5.2,
        5.47,
        5.04,
        4.95,
        5.4,
        4.95,
        4.75,
        4.19,
        4.12,
        5.5,
        5.12,
        5.11,
        4.94,
        4.54,
        5.55,
        5.01,
        4.64,
        4.77,
        5.19,
        4.74,
        4.79,
        5.08,
        4.48,
        4.39,
        5.31,
        4.49,
        4.73,
        5.15,
        5.57,
        5.21,
        5.3,
        5.73,
        4.75,
        5.28,
        4.95,
        5.32,
        4.99,
        4.8,
        4.41,
        5.38,
        4.71,
        5.44,
        5.06,
        4.54,
        5.25,
        5.98,
        5.15,
        5.36,
        5.01,
        5.44,
        4.88,
        5.46,
        4.55,
        5.02,
        5.11,
        4.59,
        5.21,
        5.43,
        5.14,
        4.52,
        5.48,
        5.34,
        5.29,
        4.68,
        5.83,
        5.1,
        5.05,
        5.29,
        4.66,
        6.03,
        4.4,
        4.9,
        5.01,
        5.42,
        5.52,
        5.03,
        5.98,
        5.26,
        5.14,
        5.04,
        5.67,
        5.55,
        5.0,
        5.11,
        5.52,
        4.91,
        5.65,
        5.21,
        4.96,
        5.65,
        5.46,
        5.26,
        4.62,
        5.73,
        5.22,
        5.33,
        4.85,
        5.12,
        5.26,
        5.68,
        5.56,
        5.31,
        5.16,
        5.34,
        5.29,
        5.38,
        5.48,
        5.26,
        4.98,
        4.4,
        5.26,
        5.23,
        5.34,
        5.41,
        5.91,
        4.87,
        5.75,
        5.16,
        4.58,
        5.37,
        5.25,
        5.39,
        5.37,
        5.47,
        5.29,
        5.28,
        5.9,
        5.35,
        5.4,
        5.54
    ]
}