{
    "parameters": {
        "n_agents": 4,
        "dt": 0.05,
        "device": "cpu",
        "scenario_name": "road_traffic",
        "n_iters": 250,
        "frames_per_batch": 4096,
        "total_frames": 1024000,
        "num_epochs": 60,
        "minibatch_size": 512,
        "lr": 0.0002,
        "lr_min": 1e-05,
        "max_grad_norm": 1.0,
        "clip_epsilon": 0.2,
        "gamma": 0.99,
        "lmbda": 0.9,
        "entropy_eps": 0.0001,
        "max_steps": 128,
        "scenario_type": "CPM_mixed",
        "num_vmas_envs": 32,
        "is_save_intermediate_model": true,
        "is_load_model": false,
        "is_load_final_model": false,
        "episode_reward_mean_current": 4.98,
        "episode_reward_intermediate": 4.98,
        "where_to_save": "checkpoints/icra25/M2 (Baseline)/",
        "is_continue_train": false,
        "n_points_short_term": 3,
        "is_partial_observation": true,
        "n_steps_stored": 10,
        "n_nearing_agents_observed": 2,
        "is_observe_distance_to_agents": true,
        "is_testing_mode": false,
        "is_save_simulation_video": false,
        "is_visualize_short_term_path": true,
        "is_visualize_lane_boundary": false,
        "is_ego_view": true,
        "is_apply_mask": false,
        "is_use_mtv_distance": false,
        "is_observe_distance_to_boundaries": true,
        "is_observe_distance_to_center_line": true,
        "is_observe_vertices": true,
        "is_add_noise": false,
        "is_observe_ref_path_other_agents": false,
        "is_save_eval_results": true,
        "is_load_out_td": false,
        "is_real_time_rendering": false,
        "is_visualize_extra_info": true,
        "render_title": "",
        "is_prb": false,
        "is_challenging_initial_state_buffer": false,
        "cpm_scenario_probabilities": [
            1.0,
            0.0,
            0.0
        ],
        "is_using_opponent_modeling": false,
        "is_using_prioritized_marl": false,
        "prioritization_method": "marl",
        "model_name": "reward4.98"
    },
    "episode_reward_mean_list": [
        -0.55,
        -0.51,
        -0.52,
        -0.52,
        -0.63,
        -0.52,
        -0.38,
        -0.33,
        -0.21,
        -0.01,
        0.18,
        0.41,
        0.87,
        0.94,
        1.21,
        1.48,
        1.46,
        1.82,
        1.95,
        1.8,
        2.33,
        1.59,
        1.73,
        2.23,
        2.0,
        2.32,
        2.81,
        2.28,
        2.16,
        2.55,
        2.53,
        2.74,
        2.55,
        2.96,
        2.87,
        2.88,
        3.5,
        2.57,
        2.55,
        3.3,
        2.64,
        2.95,
        3.16,
        3.56,
        3.2,
        3.11,
        2.52,
        2.7,
        3.61,
        3.19,
        3.41,
        3.36,
        2.89,
        3.11,
        3.59,
        3.03,
        2.24,
        3.16,
        3.6,
        3.72,
        2.84,
        3.74,
        2.81,
        3.58,
        3.3,
        3.18,
        2.73,
        3.1,
        3.14,
        3.64,
        3.03,
        3.49,
        4.63,
        3.37,
        4.5,
        3.0,
        3.11,
        3.49,
        3.52,
        4.08,
        3.48,
        3.64,
        3.14,
        2.99,
        3.87,
        3.21,
        3.62,
        4.04,
        3.43,
        3.64,
        3.25,
        3.61,
        3.23,
        3.43,
        3.03,
        3.63,
        3.95,
        3.85,
        3.53,
        3.36,
        3.5,
        3.85,
        3.29,
        3.15,
        3.69,
        4.47,
        4.07,
        3.75,
        3.68,
        3.93,
        3.46,
        3.94,
        4.1,
        4.43,
        3.55,
        3.36,
        4.06,
        3.27,
        3.85,
        4.18,
        4.28,
        4.67,
        4.01,
        3.73,
        3.64,
        4.62,
        4.26,
        4.07,
        3.75,
        3.96,
        4.05,
        3.94,
        4.25,
        4.58,
        4.35,
        4.23,
        4.39,
        3.34,
        3.99,
        4.21,
        3.76,
        4.41,
        4.08,
        4.55,
        3.54,
        4.25,
        4.25,
        3.61,
        4.31,
        4.21,
        4.42,
        4.98,
        4.1,
        3.92,
        3.79,
        3.99,
        3.36,
        4.35,
        3.53,
        3.93,
        3.76,
        4.51,
        3.53,
        3.94,
        4.62,
        3.78,
        3.42,
        3.5,
        3.98,
        4.2,
        4.07,
        3.73,
        3.84,
        3.72,
        3.54,
        3.82,
        3.92,
        4.28,
        4.27,
        4.08,
        4.11,
        4.62,
        4.53,
        3.53,
        3.84,
        3.92,
        4.03,
        4.79,
        4.42,
        4.0,
        4.08,
        4.19,
        4.13,
        3.95,
        4.39,
        4.33,
        4.35,
        3.79,
        4.22,
        3.82,
        3.9,
        4.03,
        3.49,
        3.67,
        3.52,
        3.45,
        3.91,
        4.32,
        3.88,
        3.9,
        4.52,
        4.45,
        4.33,
        4.55,
        3.38,
        3.66,
        4.22,
        4.51,
        3.94,
        3.65,
        3.67,
        4.33,
        3.89,
        3.53,
        3.64,
        4.35,
        4.29,
        4.18,
        4.38,
        4.33,
        4.08,
        3.97,
        3.88,
        3.55,
        4.56,
        3.47,
        3.79,
        3.44,
        3.93,
        4.09,
        4.59,
        4.42,
        4.56,
        3.43,
        3.99,
        3.62,
        4.14,
        4.54,
        3.78,
        3.5
    ]
}