{
    "parameters": {
        "n_agents": 4,
        "dt": 0.05,
        "device": "cpu",
        "scenario_name": "road_traffic",
        "n_iters": 250,
        "frames_per_batch": 4096,
        "total_frames": 1024000,
        "num_epochs": 60,
        "minibatch_size": 512,
        "lr": 0.0002,
        "lr_min": 1e-05,
        "max_grad_norm": 1.0,
        "clip_epsilon": 0.2,
        "gamma": 0.99,
        "lmbda": 0.9,
        "entropy_eps": 0.0001,
        "max_steps": 128,
        "scenario_type": "CPM_mixed",
        "num_vmas_envs": 32,
        "is_save_intermediate_model": true,
        "is_load_model": false,
        "is_load_final_model": false,
        "episode_reward_mean_current": 4.7,
        "episode_reward_intermediate": 4.7,
        "where_to_save": "checkpoints/icra25/M4 (XP-MARL with random priorities)/",
        "is_continue_train": false,
        "n_points_short_term": 3,
        "is_partial_observation": true,
        "n_steps_stored": 10,
        "n_nearing_agents_observed": 2,
        "is_observe_distance_to_agents": true,
        "is_testing_mode": false,
        "is_save_simulation_video": false,
        "is_visualize_short_term_path": true,
        "is_visualize_lane_boundary": false,
        "is_ego_view": true,
        "is_apply_mask": false,
        "is_use_mtv_distance": false,
        "is_observe_distance_to_boundaries": true,
        "is_observe_distance_to_center_line": true,
        "is_observe_vertices": true,
        "is_add_noise": false,
        "is_observe_ref_path_other_agents": false,
        "is_save_eval_results": true,
        "is_load_out_td": false,
        "is_real_time_rendering": false,
        "is_visualize_extra_info": true,
        "render_title": "",
        "is_prb": false,
        "is_challenging_initial_state_buffer": false,
        "cpm_scenario_probabilities": [
            1.0,
            0.0,
            0.0
        ],
        "is_using_opponent_modeling": false,
        "is_using_prioritized_marl": true,
        "prioritization_method": "random",
        "model_name": "reward4.70"
    },
    "episode_reward_mean_list": [
        -0.74,
        -0.61,
        -0.56,
        -0.59,
        -0.53,
        -0.51,
        -0.55,
        -0.52,
        -0.4,
        -0.38,
        -0.26,
        -0.0,
        0.1,
        0.29,
        0.61,
        0.79,
        1.29,
        1.56,
        1.52,
        1.73,
        1.95,
        2.01,
        1.83,
        2.19,
        2.38,
        1.85,
        2.83,
        3.1,
        2.56,
        2.6,
        2.34,
        2.2,
        2.76,
        2.8,
        2.89,
        2.87,
        3.15,
        2.41,
        2.25,
        3.31,
        2.78,
        3.04,
        2.33,
        2.91,
        2.86,
        3.38,
        2.49,
        3.64,
        3.02,
        3.89,
        2.43,
        2.99,
        3.32,
        2.6,
        3.25,
        3.36,
        3.12,
        2.75,
        2.79,
        2.83,
        3.62,
        3.36,
        2.73,
        2.45,
        2.78,
        2.85,
        2.63,
        3.36,
        3.94,
        2.54,
        2.85,
        2.96,
        2.95,
        2.88,
        3.2,
        3.36,
        3.04,
        2.99,
        3.42,
        3.09,
        2.89,
        2.95,
        3.03,
        2.98,
        3.42,
        3.07,
        2.85,
        3.35,
        2.81,
        2.83,
        2.83,
        3.34,
        3.33,
        3.54,
        3.47,
        3.07,
        3.45,
        3.6,
        3.25,
        3.18,
        3.3,
        3.54,
        3.52,
        3.12,
        3.3,
        2.98,
        3.4,
        3.74,
        3.56,
        3.84,
        3.0,
        3.4,
        4.1,
        3.57,
        3.26,
        3.28,
        3.22,
        3.33,
        3.03,
        4.06,
        3.08,
        3.62,
        3.5,
        3.03,
        4.59,
        4.27,
        2.78,
        3.75,
        3.61,
        4.16,
        3.77,
        4.12,
        3.74,
        4.29,
        3.28,
        3.32,
        3.51,
        2.95,
        3.64,
        3.32,
        3.4,
        3.49,
        3.68,
        3.28,
        3.35,
        3.75,
        3.15,
        3.44,
        3.74,
        3.48,
        3.3,
        3.91,
        3.25,
        3.76,
        2.92,
        3.69,
        3.73,
        3.65,
        3.62,
        3.42,
        4.09,
        3.27,
        4.47,
        3.56,
        3.36,
        3.27,
        3.49,
        3.86,
        4.17,
        3.29,
        3.3,
        4.2,
        4.2,
        3.4,
        3.65,
        3.61,
        3.57,
        3.56,
        3.22,
        4.7,
        3.88,
        4.25,
        3.76,
        3.68,
        3.86,
        3.33,
        3.44,
        3.87,
        3.81,
        3.8,
        2.99,
        3.82,
        3.36,
        3.35,
        4.16,
        3.87,
        3.94,
        4.14,
        3.45,
        4.4,
        4.68,
        3.83,
        3.54,
        3.59,
        3.48,
        3.76,
        3.64,
        4.43,
        3.89,
        3.01,
        4.08,
        3.87,
        3.69,
        3.66,
        3.84,
        4.1,
        3.3,
        3.33,
        3.98,
        3.41,
        3.98,
        4.28,
        3.75,
        4.39,
        3.84,
        4.49,
        3.67,
        3.9,
        3.62,
        2.52,
        3.58,
        4.46,
        3.66,
        3.98,
        4.68,
        4.14,
        3.51,
        3.61,
        3.61,
        3.76,
        4.42,
        4.39,
        3.51,
        3.67,
        3.59,
        3.97,
        4.49,
        4.03,
        3.86,
        3.39
    ]
}