{
    "parameters": {
        "n_agents": 1,
        "dt": 0.05,
        "device": "cpu",
        "scenario_name": "road_traffic",
        "n_iters": 5,
        "num_epochs": 30,
        "minibatch_size": 512,
        "lr": 0.0002,
        "lr_min": 1e-05,
        "max_grad_norm": 1.0,
        "clip_epsilon": 0.2,
        "gamma": 0.99,
        "lmbda": 0.9,
        "entropy_eps": 0.0001,
        "max_steps": 128,
        "scenario_type": "CPM_mixed",
        "num_vmas_envs": 32,
        "is_save_intermediate_model": true,
        "is_load_model": false,
        "is_load_final_model": false,
        "episode_reward_mean_current": -1.28,
        "episode_reward_intermediate": -1.28,
        "where_to_save": "checkpoints/itsc25/undertrained_policy/",
        "is_continue_train": false,
        "n_points_short_term": 3,
        "is_partial_observation": true,
        "n_steps_stored": 10,
        "n_nearing_agents_observed": 0,
        "is_observe_distance_to_agents": true,
        "is_testing_mode": false,
        "is_save_simulation_video": false,
        "is_visualize_short_term_path": true,
        "is_visualize_lane_boundary": false,
        "is_ego_view": true,
        "is_apply_mask": false,
        "is_use_mtv_distance": false,
        "is_observe_distance_to_boundaries": true,
        "is_observe_distance_to_center_line": true,
        "is_observe_vertices": true,
        "is_obs_noise": false,
        "is_observe_ref_path_other_agents": false,
        "is_save_eval_results": true,
        "is_load_out_td": false,
        "is_real_time_rendering": false,
        "is_visualize_extra_info": true,
        "render_title": "",
        "is_prb": false,
        "is_challenging_initial_state_buffer": false,
        "cpm_scenario_probabilities": [
            1.0,
            0.0,
            0.0
        ],
        "is_using_opponent_modeling": false,
        "is_using_prioritized_marl": false,
        "prioritization_method": "random",
        "is_communication_noise": false,
        "communication_noise_level": 0.1,
        "is_using_cbf": false,
        "is_using_centralized_cbf": false,
        "experiment_type": "simulation",
        "is_obs_steering": false,
        "ref_path_idx": null,
        "random_seed": 0,
        "is_using_pseudo_distance": false,
        "n_circles_approximate_vehicle": 3,
        "model_name": "reward-1.28"
    },
    "episode_reward_mean_list": [
        -2.62,
        -2.53,
        -1.92,
        -1.61,
        -1.28
    ]
}