{
    "parameters": {
        "n_agents": 4,
        "dt": 0.05,
        "device": "cpu",
        "scenario_name": "road_traffic",
        "n_iters": 250,
        "frames_per_batch": 4096,
        "total_frames": 1024000,
        "num_epochs": 60,
        "minibatch_size": 512,
        "lr": 0.0002,
        "lr_min": 1e-05,
        "max_grad_norm": 1.0,
        "clip_epsilon": 0.2,
        "gamma": 0.99,
        "lmbda": 0.9,
        "entropy_eps": 0.0001,
        "max_steps": 128,
        "scenario_type": "CPM_mixed",
        "num_vmas_envs": 32,
        "is_save_intermediate_model": true,
        "is_load_model": false,
        "is_load_final_model": false,
        "episode_reward_mean_current": 4.91,
        "episode_reward_intermediate": 4.91,
        "where_to_save": "checkpoints/itsc24/M5 (do not observe distances to lane center lines)/",
        "is_continue_train": false,
        "is_partial_observation": true,
        "n_points_short_term": 3,
        "n_nearing_agents_observed": 2,
        "is_observe_distance_to_agents": true,
        "is_testing_mode": false,
        "is_save_simulation_video": false,
        "is_visualize_short_term_path": true,
        "is_visualize_lane_boundary": false,
        "is_ego_view": true,
        "is_apply_mask": false,
        "is_use_mtv_distance": false,
        "is_observe_distance_to_boundaries": true,
        "is_observe_distance_to_center_line": false,
        "is_observe_vertices": true,
        "is_add_noise": true,
        "is_observe_ref_path_other_agents": false,
        "is_save_eval_results": true,
        "is_load_out_td": false,
        "is_real_time_rendering": false,
        "is_visualize_extra_info": true,
        "render_title": "",
        "is_prb": false,
        "is_challenging_initial_state_buffer": false,
        "cpm_scenario_probabilities": [
            1.0,
            0.0,
            0.0
        ],
        "model_name": "reward4.91"
    },
    "episode_reward_mean_list": [
        -0.7,
        -0.58,
        -0.53,
        -0.52,
        -0.54,
        -0.52,
        -0.52,
        -0.42,
        -0.35,
        -0.17,
        -0.06,
        0.21,
        0.51,
        0.57,
        1.06,
        1.13,
        1.89,
        1.4,
        1.37,
        1.24,
        1.6,
        1.73,
        2.11,
        1.99,
        1.76,
        2.17,
        2.38,
        2.37,
        2.16,
        2.39,
        1.95,
        2.28,
        2.5,
        2.37,
        2.12,
        3.16,
        2.75,
        3.1,
        2.72,
        2.83,
        2.28,
        2.84,
        2.49,
        3.12,
        3.12,
        2.83,
        1.98,
        3.0,
        3.0,
        2.76,
        2.7,
        2.51,
        2.54,
        2.76,
        3.25,
        2.65,
        2.73,
        2.98,
        3.06,
        3.56,
        3.04,
        2.66,
        3.06,
        3.29,
        2.84,
        2.74,
        3.56,
        2.76,
        2.96,
        3.05,
        3.13,
        3.49,
        2.8,
        2.98,
        4.17,
        3.5,
        3.49,
        3.17,
        2.71,
        3.39,
        3.15,
        3.77,
        4.04,
        2.94,
        2.52,
        3.02,
        3.51,
        3.88,
        3.6,
        3.53,
        3.72,
        3.55,
        3.8,
        3.47,
        3.42,
        3.24,
        3.03,
        4.02,
        3.48,
        3.96,
        3.91,
        3.03,
        3.19,
        3.54,
        4.13,
        3.23,
        3.11,
        3.84,
        3.59,
        3.8,
        3.57,
        3.65,
        3.25,
        4.19,
        3.58,
        3.34,
        3.72,
        3.38,
        3.37,
        3.24,
        3.54,
        4.15,
        3.66,
        4.33,
        3.63,
        3.91,
        4.17,
        3.89,
        4.38,
        3.99,
        3.94,
        3.81,
        3.86,
        2.96,
        3.71,
        3.72,
        3.54,
        4.03,
        3.95,
        4.08,
        3.56,
        3.74,
        4.34,
        3.5,
        3.47,
        4.04,
        3.78,
        3.54,
        4.12,
        4.21,
        4.25,
        3.89,
        3.28,
        3.57,
        3.66,
        3.68,
        3.82,
        4.39,
        3.98,
        4.07,
        3.8,
        3.94,
        3.66,
        4.9,
        3.46,
        4.56,
        4.11,
        3.71,
        3.83,
        4.19,
        3.9,
        4.3,
        3.53,
        3.85,
        3.66,
        4.7,
        3.84,
        3.85,
        4.4,
        3.9,
        3.75,
        3.31,
        4.22,
        4.04,
        4.83,
        3.74,
        3.78,
        4.2,
        3.4,
        4.9,
        3.59,
        4.17,
        3.68,
        4.24,
        3.68,
        4.39,
        4.55,
        4.57,
        3.35,
        3.25,
        3.23,
        4.59,
        3.81,
        3.79,
        3.47,
        4.05,
        3.54,
        4.58,
        3.35,
        4.03,
        4.29,
        3.83,
        4.08,
        3.77,
        3.75,
        4.56,
        4.17,
        4.23,
        3.91,
        3.82,
        3.64,
        4.17,
        4.24,
        3.57,
        3.72,
        4.41,
        3.43,
        3.84,
        3.78,
        3.6,
        3.54,
        4.22,
        4.79,
        4.65,
        4.02,
        3.63,
        3.87,
        4.23,
        4.29,
        4.4,
        4.0,
        4.26,
        3.91,
        3.34,
        3.85,
        3.89,
        4.91,
        4.54,
        4.05,
        4.51
    ]
}