{
    "parameters": {
        "n_agents": 4,
        "dt": 0.05,
        "device": "cpu",
        "scenario_name": "road_traffic",
        "n_iters": 250,
        "frames_per_batch": 4096,
        "total_frames": 1024000,
        "num_epochs": 60,
        "minibatch_size": 512,
        "lr": 0.0002,
        "lr_min": 1e-05,
        "max_grad_norm": 1.0,
        "clip_epsilon": 0.2,
        "gamma": 0.99,
        "lmbda": 0.9,
        "entropy_eps": 0.0001,
        "max_steps": 128,
        "scenario_type": "CPM_mixed",
        "num_vmas_envs": 32,
        "is_save_intermediate_model": true,
        "is_load_model": false,
        "is_load_final_model": false,
        "episode_reward_mean_current": 5.14,
        "episode_reward_intermediate": 5.14,
        "where_to_save": "checkpoints/icra25/M5 (XP-MARL with communication noise)/",
        "is_continue_train": false,
        "n_points_short_term": 3,
        "is_partial_observation": true,
        "n_steps_stored": 10,
        "n_nearing_agents_observed": 2,
        "is_observe_distance_to_agents": true,
        "is_testing_mode": false,
        "is_save_simulation_video": false,
        "is_visualize_short_term_path": true,
        "is_visualize_lane_boundary": false,
        "is_ego_view": true,
        "is_apply_mask": false,
        "is_use_mtv_distance": false,
        "is_observe_distance_to_boundaries": true,
        "is_observe_distance_to_center_line": true,
        "is_observe_vertices": true,
        "is_add_noise": false,
        "is_observe_ref_path_other_agents": false,
        "is_save_eval_results": true,
        "is_load_out_td": false,
        "is_real_time_rendering": false,
        "is_visualize_extra_info": true,
        "render_title": "",
        "is_prb": false,
        "is_challenging_initial_state_buffer": false,
        "cpm_scenario_probabilities": [
            1.0,
            0.0,
            0.0
        ],
        "is_using_opponent_modeling": false,
        "is_using_prioritized_marl": true,
        "prioritization_method": "marl",
        "model_name": "reward5.14"
    },
    "episode_reward_mean_list": [
        -0.73,
        -0.6,
        -0.56,
        -0.51,
        -0.52,
        -0.47,
        -0.44,
        -0.43,
        -0.21,
        -0.13,
        0.24,
        0.82,
        0.9,
        1.34,
        1.49,
        1.96,
        1.81,
        2.33,
        2.6,
        2.27,
        2.31,
        2.29,
        2.42,
        2.56,
        2.63,
        2.59,
        2.1,
        3.03,
        2.65,
        2.27,
        3.02,
        2.62,
        2.89,
        2.65,
        2.88,
        3.51,
        2.69,
        3.0,
        3.46,
        3.85,
        3.22,
        3.77,
        3.76,
        2.95,
        3.06,
        3.12,
        3.12,
        3.56,
        2.86,
        3.39,
        3.83,
        3.44,
        3.33,
        2.97,
        3.57,
        2.93,
        3.22,
        3.38,
        3.0,
        3.84,
        3.29,
        2.87,
        3.23,
        3.66,
        3.11,
        3.57,
        3.2,
        3.61,
        3.38,
        3.38,
        3.33,
        3.31,
        3.27,
        3.59,
        3.8,
        3.62,
        3.44,
        3.93,
        4.08,
        4.13,
        3.86,
        3.1,
        4.23,
        3.25,
        3.88,
        3.69,
        4.22,
        4.35,
        3.65,
        3.26,
        4.42,
        3.35,
        4.0,
        3.98,
        3.14,
        4.23,
        4.16,
        3.59,
        4.32,
        3.9,
        3.66,
        3.68,
        3.98,
        3.83,
        3.96,
        3.24,
        3.94,
        3.58,
        3.53,
        4.1,
        4.17,
        3.26,
        3.54,
        4.36,
        4.28,
        3.87,
        3.9,
        3.44,
        3.69,
        4.52,
        3.91,
        3.62,
        3.95,
        4.56,
        3.83,
        3.54,
        5.14,
        3.63,
        3.86,
        3.23,
        4.22,
        3.62,
        4.15,
        4.21,
        4.32,
        3.5,
        3.63,
        4.47,
        3.53,
        3.57,
        3.88,
        4.4,
        3.56,
        3.92,
        3.92,
        4.25,
        4.4,
        4.11,
        3.96,
        3.34,
        3.49,
        4.01,
        4.79,
        3.61,
        3.7,
        4.39,
        3.87,
        4.27,
        3.86,
        4.32,
        3.31,
        4.77,
        3.7,
        3.88,
        3.34,
        3.69,
        3.66,
        3.47,
        4.33,
        4.31,
        3.72,
        4.07,
        4.09,
        3.86,
        4.16,
        4.0,
        3.57,
        4.6,
        3.9,
        4.46,
        3.39,
        3.73,
        4.47,
        3.92,
        3.46,
        3.54,
        3.32,
        4.04,
        4.47,
        4.48,
        3.73,
        3.66,
        3.81,
        4.01,
        3.39,
        3.9,
        4.57,
        4.51,
        4.13,
        3.88,
        3.62,
        3.48,
        3.28,
        4.26,
        4.1,
        4.16,
        4.25,
        4.03,
        4.22,
        3.43,
        4.07,
        3.8,
        4.28,
        4.18,
        3.3,
        4.1,
        4.46,
        3.66,
        3.91,
        4.0,
        4.04,
        3.14,
        4.21,
        3.43,
        3.8,
        3.68,
        4.33,
        4.06,
        3.66,
        3.57,
        4.11,
        4.18,
        3.36,
        4.32,
        3.71,
        3.51,
        4.62,
        4.11,
        3.78,
        2.9,
        3.23,
        3.73,
        4.13,
        4.06,
        3.64,
        4.07,
        4.0,
        4.67,
        4.42,
        4.15
    ]
}