{
    "parameters": {
        "n_agents": 4,
        "dt": 0.05,
        "device": "cpu",
        "scenario_name": "road_traffic",
        "n_iters": 250,
        "frames_per_batch": 4096,
        "total_frames": 1024000,
        "num_epochs": 60,
        "minibatch_size": 512,
        "lr": 0.0002,
        "lr_min": 1e-05,
        "max_grad_norm": 1.0,
        "clip_epsilon": 0.2,
        "gamma": 0.99,
        "lmbda": 0.9,
        "entropy_eps": 0.0001,
        "max_steps": 128,
        "scenario_type": "CPM_mixed",
        "num_vmas_envs": 32,
        "is_save_intermediate_model": true,
        "is_load_model": false,
        "is_load_final_model": false,
        "episode_reward_mean_current": 5.71,
        "episode_reward_intermediate": 5.71,
        "where_to_save": "checkpoints/icra25/M1 (XP-MARL)/",
        "is_continue_train": false,
        "n_points_short_term": 3,
        "is_partial_observation": true,
        "n_steps_stored": 10,
        "n_nearing_agents_observed": 2,
        "is_observe_distance_to_agents": true,
        "is_testing_mode": false,
        "is_save_simulation_video": false,
        "is_visualize_short_term_path": true,
        "is_visualize_lane_boundary": false,
        "is_ego_view": true,
        "is_apply_mask": false,
        "is_use_mtv_distance": false,
        "is_observe_distance_to_boundaries": true,
        "is_observe_distance_to_center_line": true,
        "is_observe_vertices": true,
        "is_add_noise": false,
        "is_observe_ref_path_other_agents": false,
        "is_save_eval_results": true,
        "is_load_out_td": false,
        "is_real_time_rendering": false,
        "is_visualize_extra_info": true,
        "render_title": "",
        "is_prb": false,
        "is_challenging_initial_state_buffer": false,
        "cpm_scenario_probabilities": [
            1.0,
            0.0,
            0.0
        ],
        "is_using_opponent_modeling": false,
        "is_using_prioritized_marl": true,
        "prioritization_method": "marl",
        "model_name": "reward5.71"
    },
    "episode_reward_mean_list": [
        -0.66,
        -0.64,
        -0.54,
        -0.54,
        -0.57,
        -0.54,
        -0.52,
        -0.48,
        -0.34,
        -0.2,
        -0.05,
        0.11,
        0.35,
        0.81,
        0.96,
        1.16,
        1.47,
        1.61,
        1.93,
        1.9,
        2.47,
        2.2,
        2.2,
        2.22,
        2.85,
        2.51,
        2.47,
        2.99,
        3.01,
        2.97,
        2.43,
        2.83,
        3.11,
        2.98,
        2.64,
        2.8,
        3.23,
        3.36,
        2.59,
        3.41,
        2.88,
        3.49,
        3.8,
        3.28,
        2.96,
        3.77,
        3.09,
        3.69,
        4.42,
        3.38,
        3.64,
        3.23,
        3.34,
        3.63,
        3.67,
        3.39,
        3.53,
        3.71,
        3.95,
        3.8,
        3.73,
        4.86,
        3.49,
        3.48,
        3.95,
        4.12,
        3.48,
        3.38,
        3.63,
        3.53,
        4.06,
        3.94,
        4.6,
        3.96,
        4.54,
        3.88,
        4.22,
        4.34,
        3.5,
        4.36,
        4.31,
        4.79,
        3.81,
        3.95,
        4.28,
        4.57,
        4.27,
        3.37,
        3.86,
        4.34,
        4.07,
        3.99,
        3.77,
        4.72,
        3.35,
        4.7,
        4.38,
        4.59,
        3.56,
        3.69,
        3.68,
        4.08,
        4.22,
        3.85,
        4.89,
        4.51,
        4.22,
        4.24,
        4.25,
        4.74,
        4.23,
        4.57,
        4.41,
        4.83,
        4.9,
        4.41,
        4.33,
        4.38,
        4.07,
        4.43,
        4.09,
        4.17,
        4.18,
        4.49,
        4.24,
        4.54,
        4.11,
        4.41,
        4.53,
        4.52,
        4.08,
        4.74,
        4.78,
        4.51,
        4.94,
        4.3,
        4.54,
        4.62,
        4.4,
        4.59,
        4.14,
        5.02,
        4.17,
        4.59,
        4.45,
        5.35,
        4.2,
        5.3,
        4.8,
        4.68,
        5.13,
        4.57,
        4.25,
        4.25,
        5.22,
        4.77,
        5.03,
        4.25,
        4.93,
        4.97,
        4.66,
        4.44,
        4.74,
        4.78,
        4.59,
        5.03,
        4.88,
        5.71,
        4.52,
        4.99,
        5.2,
        5.14,
        4.72,
        4.78,
        4.42,
        4.49,
        4.53,
        5.28,
        4.29,
        4.37,
        4.56,
        4.39,
        5.12,
        4.58,
        4.94,
        4.38,
        4.7,
        3.95,
        4.82,
        4.45,
        5.06,
        4.39,
        5.13,
        4.68,
        4.13,
        4.86,
        4.72,
        5.0,
        4.88,
        4.46,
        4.88,
        4.5,
        4.97,
        4.66,
        4.99,
        4.62,
        5.24,
        4.86,
        4.54,
        4.93,
        4.58,
        4.61,
        4.22,
        4.61,
        5.18,
        4.27,
        4.78,
        4.92,
        5.65,
        5.17,
        5.38,
        4.26,
        4.52,
        3.95,
        4.35,
        5.37,
        5.23,
        5.16,
        4.31,
        4.87,
        4.81,
        5.1,
        4.55,
        4.75,
        5.42,
        4.79,
        5.35,
        4.85,
        5.33,
        4.67,
        4.55,
        4.5,
        5.35,
        5.3,
        4.78,
        5.42,
        5.14,
        5.03,
        5.55,
        5.26
    ]
}